main profile,friend profile,fbfm.stats.features.FeatureMutualFriends,fbfm.stats.features.FeaturePhotoTags,fbfm.stats.features.FeatureCommonLikeRatio,fbfm.stats.features.FeatureCommonPlaces,fbfm.stats.features.FeatureCommonEducationWork,fbfm.stats.features.FeatureCommonGroups,class
786753874,_6717453,17,1,0,0,0,0,0.068249893
786753874,_7401149,29,1,0,0,0,0,0
786753874,_204502666,116,0,0.04605263,0,0,15,0.346593227
786753874,_505261339,44,0,0,0,0,0,0.129653402
786753874,_506116521,17,0,0.015,0,0,0,0.125051
786753874,_513054703,37,0,0.01764706,0,0,1,0.01754386
786753874,_520869089,2,0,0,0,0,9,0.099486521
786753874,_522004674,227,0,0.01591512,0,0,12,0
786753874,_522732841,112,0,0.04511278,0,0,22,0.125051
786753874,_525263521,31,17,0.02253521,0,0,1,4.916562487
786753874,_533538937,10,0,0.005730659,0,0,3,0
786753874,_535834666,37,0,0.013422819,0,0,1,0.00877193
786753874,_537885020,6,0,0.005988024,0,1,3,0.23255814
786753874,_538147799,42,0,0.005847953,0,0,1,0.408676731
786753874,_543617377,1,0,0,0,0,1,0
786753874,_546894930,45,0,0.004651163,1,0,0,0.078947368
786753874,_548542319,1,0,0,0,0,0,0
786753874,_552706980,29,4,0.016216217,0,0,0,0.165810869
786753874,_554641382,2,0,0,0,0,0,0
786753874,_555668315,100,0,0.048076924,0,0,17,0
786753874,_558889385,171,0,0,0,0,13,0
786753874,_560478394,4,0,0,0,0,1,0.066324347
786753874,_563115070,70,1,0,0,0,1,0.11627907
786753874,_563778655,70,0,0,0,0,0,0
786753874,_566639631,27,0,0.021786492,0,0,3,0.311363198
786753874,_568922730,3,0,0,0,0,3,0
786753874,_569583680,175,0,0.0625,0,0,20,0
786753874,_571165424,1,0,0.011185682,0,0,5,0.076598978
786753874,_572807924,201,0,0.02909091,0,0,2,0
786753874,_576846131,28,0,0.004854369,0,0,0,0
786753874,_577548971,55,0,0.005154639,0,0,0,0
786753874,_579846548,24,0,0,0,0,0,0.01754386
786753874,_582394634,13,20,0.004716981,0,0,1,1.18500325
786753874,_585184338,54,1,0.025641026,0,1,9,0
786753874,_587240138,6,0,0,0,0,0,0
786753874,_593892406,37,4,0,0,0,0,0
786753874,_594339927,34,0,0.002352941,0,0,2,0
786753874,_596039840,153,0,0.08203125,0,0,17,0.250101999
786753874,_599078403,178,0,0.015789473,0,0,17,0.00877193
786753874,_599339685,1,0,0,0,0,0,0.024390244
786753874,_601209151,5,0,0,0,1,0,0.11627907
786753874,_602184134,15,0,0,0,0,0,0.001406074
786753874,_602915992,67,0,0,0,0,0,0
786753874,_607270745,2,0,0.011111111,0,0,0,0.00877193
786753874,_611174509,21,1,0.005319149,0,0,0,0
786753874,_612003056,9,0,0.015789473,0,0,2,0.258873929
786753874,_612083430,6,0,0,0,0,0,0.002812148
786753874,_613311992,1,0,0.005464481,0,0,0,0.322098496
786753874,_613899486,56,2,0.014705882,0,1,2,0
786753874,_616232664,166,0,0.05676856,0,0,46,1.024798241
786753874,_618896304,14,0,0.012345679,0,1,0,0
786753874,_620620964,1,0,0.006734007,0,1,10,0.026315789
786753874,_621445433,54,0,0.006944445,0,0,1,0
786753874,_623124526,143,0,0.04411765,1,1,5,0
786753874,_625103781,203,0,0.022635408,0,0,45,0.085793753
786753874,_625393786,38,0,0.010256411,0,1,1,0
786753874,_630773816,183,0,0.037037037,0,0,18,0.125051
786753874,_631094286,4,0,0,0,0,0,0.033162174
786753874,_632052274,37,1,0,0,0,2,0
786753874,_633233445,47,3,0.009345794,0,0,1,0.075096277
786753874,_635769010,131,0,0.053892214,0,0,11,0.357609139
786753874,_636283591,57,0,0.01863354,0,0,5,0
786753874,_636608559,3,0,0.01048218,0,0,1,0
786753874,_637132326,156,0,0.03968254,0,0,2,0
786753874,_640276585,55,2,0,0,0,1,0.035087719
786753874,_640518058,32,0,0,0,0,1,0.11627907
786753874,_641372693,159,0,0,0,0,29,0
786753874,_642159005,24,0,0.026666667,0,1,0,0
786753874,_645924075,6,0,0,0,0,11,0
786753874,_648442149,2,0,0,0,0,0,0
786753874,_653339802,136,0,0.061611373,0,0,7,0.043859649
786753874,_658083008,36,0,0,0,0,5,0.035087719
786753874,_659368188,42,0,0.008264462,0,0,2,0
786753874,_660753184,44,7,0.025787966,0,1,7,0.26815005
786753874,_661721930,151,0,0,0,0,5,0
786753874,_662799960,158,0,0.053333335,0,0,26,0
786753874,_664905797,30,0,0.007874016,1,0,0,0
786753874,_667859533,183,1,0.02849003,0,0,10,1.145361276
786753874,_672486157,165,0,0.031847134,0,0,9,0.23255814
786753874,_672627969,174,0,0.042372882,0,0,10,0
786753874,_683344960,190,0,0,0,0,16,0.00877193
786753874,_684472896,208,0,0,0,0,49,0.026315789
786753874,_684653819,196,0,0.07692308,0,0,32,0.818555891
786753874,_690562079,161,0,0.03937008,0,0,4,0.01754386
786753874,_691525954,2,0,0.004347826,0,0,0,0
786753874,_693104539,154,0,0.020604396,0,0,17,0.050706033
786753874,_693223255,6,0,0,0,0,0,0.033162174
786753874,_693683264,27,0,0.013043478,0,1,0,0.106332905
786753874,_694161823,10,0,0.011049724,0,0,3,0.059477963
786753874,_699493740,0,0,0.004016064,0,0,1,0.03655793
786753874,_700004701,205,0,0.039130434,0,0,42,1.877035423
786753874,_700038903,124,0,0.022950819,0,0,22,0.267645859
786753874,_702617173,180,0,0,0,0,34,0.078947368
786753874,_705805342,5,0,0,0,0,0,0.00877193
786753874,_705932846,16,0,0.01459854,0,1,0,0.00877193
786753874,_707352365,11,2,0.004926108,0,1,0,0
786753874,_709726708,30,0,0.011173184,0,0,1,0.681661737
786753874,_711332930,2,0,0.01778656,0,1,11,0.911600707
786753874,_715758488,22,0,0,0,1,4,0
786753874,_720842086,179,0,0.01369863,0,1,18,0.348837209
786753874,_721872113,154,1,0.058441557,0,0,5,0.741534068
786753874,_723874468,14,0,0,0,0,1,0.083868207
786753874,_727873680,198,0,0,0,0,48,0.195977749
786753874,_730012321,5,0,0,0,0,0,0.024390244
786753874,_734450400,4,0,0.018072288,0,0,5,0
786753874,_735364706,180,0,0.032432433,0,0,17,0.133822929
786753874,_738102199,1,0,0,0,1,0,0.23255814
786753874,_738759187,145,0,0.08,0,0,13,0.11627907
786753874,_742289669,9,0,0,0,0,0,1.598003375
786753874,_744844279,10,0,0,0,0,0,0.181429183
786753874,_746863954,7,0,0.013636364,0,1,8,0
786753874,_747650255,192,1,0.006756757,0,1,14,0.614557523
786753874,_749953892,13,0,0.015544041,0,0,7,0.057552418
786753874,_751251357,14,0,0,0,0,0,0
786753874,_753213323,9,4,0.001567398,0,0,0,0.195121951
786753874,_753997975,5,0,0.011278195,0,1,14,0
786753874,_755046048,27,1,0,0,0,0,0
786753874,_755183463,81,0,0,0,0,0,0
786753874,_755982337,180,0,0,0,0,0,0.00877193
786753874,_757059718,55,0,0.020833334,0,0,5,0.866585067
786753874,_759132249,36,0,0.014084507,0,0,1,0
786753874,_761355628,15,1,0.007832898,0,1,0,0.296391385
786753874,_763276737,16,0,0,0,1,0,0.073170732
786753874,_764677592,23,0,0.006134969,0,1,0,0.024390244
786753874,_767979624,47,0,0.020725388,0,0,8,0
786753874,_768867280,151,0,0.08450704,0,0,5,0
786753874,_770363904,5,0,0.004454343,0,0,8,0.23255814
786753874,_770530512,124,1,0.02962963,0,0,12,0.482660139
786753874,_776569754,250,0,0,0,0,15,0.01754386
786753874,_778039405,5,1,0,0,0,2,0.066324347
786753874,_778639065,2,0,0,0,0,0,0
786753874,_780684678,1,0,0.006622517,0,0,4,0.033162174
786753874,_781890373,24,0,0.008264462,0,0,1,0.11627907
786753874,_782663849,49,1,0.013888889,0,1,8,0
786753874,_785228093,9,0,0.009259259,0,0,0,1.289665023
786753874,_787164938,201,0,0.023961661,0,0,51,0.00877193
786753874,_787601131,14,1,0.017699115,0,1,1,0.033162174
786753874,_789771529,79,0,0.07486631,0,0,23,0.348837209
786753874,_789984813,17,0,0.012048192,0,0,2,0.081942662
786753874,_795204203,4,1,0,2,0,0,0.818351892
786753874,_795662627,30,0,0.008196721,0,1,0,0
786753874,_805959360,56,0,0,0,0,0,0.003515186
786753874,_807717903,29,0,0.011764706,0,0,0,0.24368849
786753874,_808599938,86,0,0,0,0,32,0.01754386
786753874,_809340110,14,5,0.00729927,0,0,3,1.860074534
786753874,_815200768,54,0,0.011049724,0,0,4,0.024390244
786753874,_815617409,64,0,0.012820513,0,0,6,0.354509359
786753874,_815843047,33,0,0,0,0,0,0
786753874,_815877346,188,1,0,0,0,16,0
786753874,_817088430,93,0,0.03305785,0,0,15,0
786753874,_817302975,188,0,0.057017542,0,0,45,0.00877193
786753874,_817364113,6,0,0.010204081,0,0,2,0.933836529
786753874,_817702732,7,0,0,0,0,1,0.00877193
786753874,_817724180,2,0,0,0,0,0,0
786753874,_818017467,177,0,0.021077283,0,0,18,0
786753874,_820019077,46,2,0.008888889,0,1,1,1.357609139
786753874,_820625857,202,0,0,0,0,19,0
786753874,_821884872,154,0,0.035714287,0,0,16,1.684822521
786753874,_822748598,44,0,0,0,0,1,0.222222222
786753874,_824138839,41,1,0.010714286,0,0,0,0.024390244
786753874,_825192009,180,0,0.044585988,0,0,0,0
786753874,_825432795,51,0,0,0,1,2,0
786753874,_825964297,11,1,0.002793296,0,1,5,0.073170732
786753874,_826803356,6,0,0.006666667,0,0,2,0.083868207
786753874,_828643655,52,0,0.041322313,0,0,6,0.23255814
786753874,_828699030,42,0,0.030303031,0,0,8,0.11627907
786753874,_837717953,0,0,0.003960396,0,0,1,0.077021823
786753874,_845055183,213,0,0.05691057,0,0,31,0
786753874,_851729431,20,0,0.01635514,0,0,0,0.026315789
786753874,_872115443,58,0,0,0,0,0,0
786753874,_879800164,74,0,0.010928961,0,0,4,0.133822929
786753874,_889410092,13,0,0.005882353,0,0,3,0.00877193
786753874,_1002580454,10,1,0,0,0,0,0.024390244
786753874,_1003936860,67,2,0.013574661,0,1,6,1.082299484
786753874,_1007975210,19,0,0,0,0,0,0.166985103
786753874,_1010672309,132,0,0.03125,0,0,8,0.942608459
786753874,_1011161277,30,0,0.01986755,0,0,0,0.110183997
786753874,_1013561687,52,3,0.016,0,1,7,0
786753874,_1013652369,0,0,0.010914052,0,0,0,0.956177272
786753874,_1013818146,229,1,0,0,0,13,0.176508344
786753874,_1013920763,129,0,0.056410257,0,0,50,0.151366789
786753874,_1014516354,199,0,0.02586207,0,0,22,0.23255814
786753874,_1014737648,1,0,0,0,1,7,0
786753874,_1016706400,0,0,0,0,0,0,0
786753874,_1017518588,1,0,0,0,0,5,0.11627907
786753874,_1017708203,73,3,0,0,0,0,0.6792872
786753874,_1018248894,40,0,0,0,0,7,0
786753874,_1018851731,2,0,0.015267176,0,0,0,0
786753874,_1019443507,195,0,0,0,0,22,1.736526986
786753874,_1020969040,209,0,0.010569106,0,0,43,0.101412067
786753874,_1021099085,107,0,0.036199097,0,0,15,0.133822929
786753874,_1027954151,52,1,0.04,0,0,2,0.00877193
786753874,_1029908662,12,0,0.008064516,0,1,0,0.25085331
786753874,_1032281707,3,0,0,0,0,8,0
786753874,_1036165703,156,0,0.013368984,0,0,9,0
786753874,_1039832843,27,0,0,0,0,0,0
786753874,_1040109633,47,4,0.00304878,0,0,3,0.150192555
786753874,_1040455511,183,0,0.03521127,0,0,35,0.125051
786753874,_1040782519,3,0,0,0,0,0,0
786753874,_1041028177,30,0,0,0,0,1,0.01754386
786753874,_1041351558,37,1,0.030303031,0,0,16,0
786753874,_1045460059,45,4,0.006155951,0,0,2,1.515404365
786753874,_1047150945,19,0,0.018691588,0,0,2,0.11627907
786753874,_1047929760,81,0,0.062992126,0,0,16,0
786753874,_1049235634,38,1,0,0,0,0,0.853016688
786753874,_1049867539,0,0,0,0,1,6,0.11627907
786753874,_1052433254,46,3,0.005555556,0,0,2,0
786753874,_1052618348,57,0,0.011976048,0,0,4,0.043859649
786753874,_1054714315,43,3,0.011204482,0,0,0,0
786753874,_1055024185,58,0,0.012170386,0,0,3,0.094565682
786753874,_1055459885,23,0,0.018292682,0,0,0,0
786753874,_1055630259,89,0,0.034782607,0,0,5,0
786753874,_1057818999,203,0,0.026737968,0,0,16,0
786753874,_1058842289,8,0,0.027459955,0,0,4,0
786753874,_1059689768,20,0,0.006756757,0,0,0,0.024390244
786753874,_1060875024,5,0,0.005586592,0,0,0,0
786753874,_1061595217,25,0,0,0,0,0,0
786753874,_1062124655,6,0,0,0,0,0,0.11627907
786753874,_1062211624,29,0,0.033613447,0,0,3,0.11627907
786753874,_1062309461,167,0,0.057017542,1,0,16,0.274492243
786753874,_1062735642,18,0,0,0,1,0,0.033162174
786753874,_1064957549,51,0,0.042168673,0,0,2,0
786753874,_1065240720,29,0,0,0,0,1,0
786753874,_1067379514,191,0,0.042735044,0,0,20,0.096491228
786753874,_1067635064,20,0,0,0,0,0,0
786753874,_1069036242,18,0,0.03089431,0,0,5,3.17024941
786753874,_1070406518,95,0,0.003918687,0,0,19,0.01754386
786753874,_1070867371,2,0,0,0,0,0,0.37590431
786753874,_1071823405,52,1,0.006896552,0,0,3,0.01754386
786753874,_1072145141,26,0,0.018018018,0,0,3,0
786753874,_1072290881,39,2,0.015306123,0,0,0,0.187205819
786753874,_1072571208,67,0,0.027322404,0,0,6,0
786753874,_1073528633,58,1,0.024691358,0,1,5,0.097560976
786753874,_1073802457,7,0,0.013986014,0,0,0,0
786753874,_1080436633,44,0,0.020689655,2,1,3,0.251780425
786753874,_1081664781,180,0,0.042944785,1,0,19,0.11627907
786753874,_1083554242,3,0,0.018518519,0,1,6,0
786753874,_1094254339,15,0,0.002114165,0,0,0,0
786753874,_1099088175,26,0,0.006369427,0,0,1,0
786753874,_1100412350,3,0,0,0,0,0,0.117030381
786753874,_1101243577,31,0,0.008438818,0,0,2,0.676289419
786753874,_1105223059,15,0,0.018072288,0,0,0,0.23255814
786753874,_1105591578,42,1,0.010256411,0,0,1,0.658145895
786753874,_1113003477,22,0,0,0,0,0,0
786753874,_1121714667,33,0,0,1,0,0,0.00877193
786753874,_1126045515,5,0,0.006060606,0,0,0,0.00877193
786753874,_1126384949,26,0,0,0,0,6,0.154043646
786753874,_1126828090,47,1,0,0,0,1,0.048780488
786753874,_1134161021,178,0,0.04494382,0,0,20,0
786753874,_1134884829,26,0,0.017902814,0,0,0,0.11627907
786753874,_1136343516,179,0,0.015789473,0,0,9,0
786753874,_1137651675,70,1,0.022222223,0,1,12,0.430356947
786753874,_1138347931,30,0,0.005194805,0,0,1,0.36998504
786753874,_1142142717,83,0,0.017942583,0,0,15,0.00877193
786753874,_1143497082,75,17,0.016,0,1,10,4.140424127
786753874,_1144135729,148,0,0.042168673,0,0,5,0.068249893
786753874,_1146720413,17,2,0.005524862,0,0,0,0.265720313
786753874,_1147048518,78,0,0.057803467,0,0,8,0.302733578
786753874,_1147626950,2,0,0,0,0,0,0.129972259
786753874,_1148762539,2,0,0,0,0,0,0
786753874,_1153828751,44,2,0.01764706,0,0,1,0.298882487
786753874,_1156142975,12,0,0,0,0,0,0
786753874,_1158267070,32,1,0.034246575,0,0,2,1.298279382
786753874,_1158957454,117,0,0,0,0,12,0.00877193
786753874,_1160133149,25,0,0.033519555,0,0,1,0
786753874,_1162982368,5,0,0.013157895,0,0,0,0.024390244
786753874,_1163145537,238,0,0.03645008,0,0,8,0
786753874,_1168282493,138,0,0.035532996,0,0,22,0
786753874,_1169138514,114,0,0.045714285,0,0,14,0.00877193
786753874,_1176202168,19,0,0.028409092,0,1,2,0
786753874,_1180836219,34,1,0.007633588,0,0,1,0.043859649
786753874,_1181620729,134,0,0.001293532,0,0,0,0
786753874,_1182792547,32,1,0.008810572,null,0,0,0.041934104
786753874,_1184910068,4,0,0.023584906,0,1,9,0.026315789
786753874,_1186560857,40,16,0,0,0,0,7.170731707
786753874,_1188745024,168,0,0.033557046,0,0,9,0
786753874,_1189132206,4,0,0.022727273,0,0,2,0
786753874,_1192060538,6,0,0,0,0,0,0.108258451
786753874,_1192913126,18,1,0.007575758,0,1,0,0.01754386
786753874,_1203834694,8,0,0.017391304,1,0,0,0.111111111
786753874,_1204343248,14,1,0,0,1,0,0
786753874,_1204824048,28,0,0.005361931,0,0,1,0.026315789
786753874,_1212382824,46,0,0,0,0,2,0.230994152
786753874,_1217130735,12,0,0.015625,0,0,1,0.016872891
786753874,_1227200533,89,5,0.009259259,0,0,0,0.794712959
786753874,_1231268869,18,0,0,1,0,0,0
786753874,_1231538695,115,0,0.06622516,0,0,5,0.166985103
786753874,_1231857250,29,0,0.034883723,0,0,1,0.459172853
786753874,_1233327586,40,1,0,0,0,2,0.01754386
786753874,_1233631321,2,0,0,0,0,1,0.117742683
786753874,_1234485592,3,0,0.006451613,0,0,0,0.125051
786753874,_1245150369,38,0,0,0,0,1,0.00877193
786753874,_1245752774,3,0,0.01579467,0,0,0,0.399543243
786753874,_1248967873,75,0,0.016,0,0,8,0.366832548
786753874,_1259476553,2,0,0.00729927,0,0,1,0.00877193
786753874,_1260338103,89,0,0,0,0,0,0.154043646
786753874,_1261045261,20,0,0.04694836,0,0,0,0
786753874,_1262107490,25,0,0.01058201,0,0,0,0.227390181
786753874,_1262394387,15,0,0.013029316,0,0,5,0
786753874,_1266544707,21,1,0,0,0,0,0
786753874,_1267090916,1,0,0.008064516,0,1,5,0
786753874,_1269049983,33,1,0.011764706,0,1,2,0.024390244
786753874,_1272376254,152,0,0.017391304,0,0,7,0
786753874,_1272460372,27,0,0,0,0,1,0.024390244
786753874,_1274114561,27,1,0,0,0,0,0
786753874,_1279860107,38,0,0.022222223,0,0,0,0.00877193
786753874,_1285846660,1,0,0.016393442,0,1,9,0
786753874,_1286566147,77,0,0.06369427,0,0,10,0
786753874,_1288338759,32,2,0.011976048,1,0,0,0
786753874,_1288506510,57,0,0.046875,0,0,1,0.11627907
786753874,_1294548013,15,0,0.018927446,0,0,2,0.331726224
786753874,_1295752306,115,0,0,0,0,1,0.840269278
786753874,_1299649980,42,0,0.015228426,0,0,0,0.15497076
786753874,_1300292077,1,0,0.017094018,0,1,7,0.111111111
786753874,_1300310262,24,5,0.003225806,0,0,1,2.095728452
786753874,_1301522599,4,0,0.022077922,0,0,2,0.642490372
786753874,_1302052626,148,0,0.074324325,0,0,38,0.36998504
786753874,_1305408158,226,1,0.042944785,0,0,10,1.230722154
786753874,_1308785940,16,0,0,1,0,1,0.000703037
786753874,_1308863929,34,3,0.005291005,0,0,1,0
786753874,_1309943462,29,0,0.012526096,0,0,4,0
786753874,_1313943597,35,0,0,0,0,0,0
786753874,_1314200167,53,1,0,0,0,11,0.083868207
786753874,_1315866641,49,0,0.06818182,0,0,3,0.11627907
786753874,_1317469890,43,0,0.006329114,0,0,0,0
786753874,_1319803162,6,0,0.008695652,0,0,2,0.258873929
786753874,_1319833351,36,0,0.006756757,0,0,0,0.00877193
786753874,_1321632508,32,2,0,0,0,0,0.472324221
786753874,_1322900068,9,1,0.008839779,0,0,15,0
786753874,_1323270739,39,1,0.016129032,0,0,1,0
786753874,_1330108279,195,1,0,0,0,27,0.050706033
786753874,_1331644653,5,0,0,0,0,0,0
786753874,_1334877853,6,0,0,0,0,0,0.930232558
786753874,_1347246377,43,0,0.037815128,0,0,0,0
786753874,_1349217757,30,0,0,0,0,0,0.078947368
786753874,_1352298277,253,1,0.034013607,0,0,18,0.077021823
786753874,_1353706301,40,4,0.007246377,0,0,0,0.024390244
786753874,_1355354026,38,0,0.01724138,0,0,1,0
786753874,_1356576304,12,5,0.013157895,0,0,1,0
786753874,_1359847033,49,6,0.004854369,0,0,0,2.328423636
786753874,_1363032614,32,0,0,0,0,0,0
786753874,_1363608010,8,3,0.0125,0,0,1,1.221703104
786753874,_1366402267,29,1,0.008928572,0,0,1,0.149441243
786753874,_1370762503,3,0,0.01344086,1,0,1,0
786753874,_1370837458,44,12,0.012903226,0,0,0,1.280609959
786753874,_1373972457,78,0,0.03448276,0,0,6,0
786753874,_1376897603,54,5,0,0,0,0,1.440198625
786753874,_1378447125,42,61,0,0,0,4,1.086967987
786753874,_1383491658,90,0,0.06049822,0,0,6,0.122807018
786753874,_1386174896,34,0,0.010989011,0,0,0,0.473888209
786753874,_1386886894,22,0,0.014285714,0,0,1,0
786753874,_1388993326,32,4,0,0,0,0,0
786753874,_1389548456,0,0,0.001872659,0,0,0,0
786753874,_1393911680,24,0,0.013636364,0,0,0,0.061403509
786753874,_1396651308,22,0,0,0,0,0,0
786753874,_1400265161,84,2,0.020547945,0,0,4,3.648746528
786753874,_1401264711,175,0,0.043956045,0,0,25,0.581395349
786753874,_1403390931,15,0,0.037656903,0,0,1,0.158964484
786753874,_1404787076,49,0,0.009060956,0,0,7,0.00877193
786753874,_1405096489,31,0,0.007194245,0,0,0,0.01754386
786753874,_1405324416,2,0,0,0,0,0,0.00877193
786753874,_1405493883,20,2,0,0,0,1,0
786753874,_1407628672,114,0,0.059925094,0,0,9,0
786753874,_1410423153,206,0,0.029069768,0,0,24,0
786753874,_1416641264,32,0,0,0,0,4,0.25
786753874,_1418293304,227,0,0.03770492,0,0,55,0.587911708
786753874,_1423794442,3,0,0,0,0,0,0.11627907
786753874,_1425341328,33,2,0.007434944,0,0,2,0.11627907
786753874,_1437043280,115,0,0.020501139,0,0,12,0.070175439
786753874,_1442951843,25,0,0,0,0,0,0.024390244
786753874,_1443571550,222,0,0,0,0,6,0
786753874,_1446858344,36,2,0,0,0,0,0.01754386
786753874,_1448781191,101,30,0,0,0,0,5.984440564
786753874,_1449396116,187,0,0.021621622,0,0,14,0.01754386
786753874,_1451523063,35,0,0,0,0,0,0.948395047
786753874,_1457485393,4,0,0.008185538,0,0,0,0
786753874,_1457841439,50,1,0.019607844,0,0,0,0.075096277
786753874,_1459144322,128,0,0,0,0,5,0.035087719
786753874,_1467285958,52,11,0.003521127,0,1,11,5.79488211
786753874,_1467734012,39,0,0,0,0,0,0.026315789
786753874,_1471814849,37,0,0.006802721,0,0,0,0.073170732
786753874,_1472431837,46,1,0.025641026,0,0,3,0.00877193
786753874,_1473152123,178,0,0.036,0,0,21,0
786753874,_1474877784,11,0,0.008,0,1,0,0.01754386
786753874,_1474917443,26,3,0,0,0,0,1.22571558
786753874,_1477302485,143,0,0.05691057,0,0,20,0.750305998
786753874,_1484306386,7,0,0.006493507,0,0,4,0
786753874,_1484654720,56,2,0.009090909,0,0,0,0
786753874,_1489080113,0,0,0.007352941,0,1,0,0.256948383
786753874,_1490615932,70,0,0.012295082,0,0,3,0.01754386
786753874,_1502731168,129,0,0.026706232,0,0,8,0
786753874,_1503242027,24,0,0.014285714,0,0,0,0.328802248
786753874,_1503277584,7,0,0,0,0,0,0
786753874,_1503528228,17,0,0.013071896,0,1,0,0.125051
786753874,_1504276313,9,0,0.016129032,0,0,10,0.69864321
786753874,_1507488424,1,4,0.005471125,0,0,0,0.3042362
786753874,_1507828399,0,0,0,0,0,0,0
786753874,_1521769969,47,3,0.003039514,0,0,0,1.043521671
786753874,_1522125437,1,0,0.006802721,0,0,0,0.11627907
786753874,_1522253583,157,0,0,0,0,10,0.050706033
786753874,_1528848626,6,0,0,0,1,8,0.965030964
786753874,_1530644608,56,0,0.015625,0,1,7,0
786753874,_1538344910,103,0,0.02631579,0,0,3,0.026315789
786753874,_1539651884,24,0,0.005235602,0,0,0,0.111111111
786753874,_1539938592,86,12,0.012626262,0,0,0,0.092640137
786753874,_1540124743,48,0,0.014634146,0,0,2,0.00877193
786753874,_1544860100,32,0,0.015503876,0,0,12,0.035087719
786753874,_1546980418,15,0,0.011560693,0,0,0,0.11627907
786753874,_1547282327,24,0,0.023622047,0,0,4,0
786753874,_1548018074,35,0,0.007042253,0,0,2,0
786753874,_1550018677,150,0,0.05235602,0,0,22,0
786753874,_1551884915,18,0,0.012820513,0,0,0,0.050706033
786753874,_1557427385,66,3,0.010510511,0,0,12,0.00877193
786753874,_1557897646,49,5,0,0,0,0,0.133822929
786753874,_1558242585,5,1,0,0,0,1,0.325198276
786753874,_1567394326,11,0,0,0,0,0,0.125051
786753874,_1567977910,24,0,0.013888889,0,0,1,0
786753874,_1568006686,57,0,0,0,0,2,0
786753874,_1578944494,31,0,0.006666667,0,0,0,0
786753874,_1582124446,38,0,0,0,0,2,0.033162174
786753874,_1584073389,248,2,0.03846154,0,0,38,1.375560996
786753874,_1589824947,20,0,0.005952381,0,0,0,0
786753874,_1590397420,37,0,0,0,0,0,0
786753874,_1592355864,128,0,0.05487805,0,1,8,0.11627907
786753874,_1595005234,38,0,0,0,0,0,0
786753874,_1597010247,20,0,0.028089888,0,1,1,0.033162174
786753874,_1607614269,90,0,0,0,0,1,0
786753874,_1608533780,221,0,0.075187966,0,0,51,0.341249465
786753874,_1612508356,22,0,0.005464481,0,0,0,0
786753874,_1615632879,31,4,0,0,0,7,0.052631579
786753874,_1621571043,14,0,0.013157895,0,1,0,0
786753874,_1624273734,202,0,0,0,0,0,0.00877193
786753874,_1625524337,8,0,0.013888889,0,0,0,0.480958494
786753874,_1627904991,87,0,0.067669176,0,0,10,0.581395349
786753874,_1646842845,10,0,0,0,0,1,0.11627907
786753874,_1649032575,150,0,0.09589041,0,0,16,3.09520876
786753874,_1651896481,23,0,0,0,0,0,0
786753874,_1656709772,18,0,0.009708738,0,0,0,0
786753874,_1658495303,139,0,0.06508876,0,0,9,0
786753874,_1663583716,7,0,0.026548672,0,0,3,0.250101999
786753874,_1666426998,52,0,0.008333334,0,0,2,0
786753874,_1680202194,174,0,0.007352941,0,0,1,0
786753874,_1682379221,37,0,0,0,0,0,0
786753874,_1690562898,4,0,0.004901961,0,0,1,0.96375629
786753874,_1711142133,44,0,0.00862069,0,0,1,0
786753874,_1735220027,7,0,0,0,0,0,0
786753874,_1739662335,205,0,0.024691358,0,0,6,0
786753874,_1758171969,1,0,0.008130081,0,0,10,0.007733408
786753874,_1776199837,109,0,0.026845638,0,0,6,0.151366789
786753874,_1781564937,7,0,0.006024096,0,0,1,0.581395349
786753874,_1782222596,151,0,0.043165468,0,0,8,0.11627907
786753874,_1787769347,32,0,0.029850746,0,1,12,1.052739697
786753874,_1795528175,1,0,0.010695187,0,1,9,0
786753874,_1798296282,29,4,0.005076142,0,0,0,0.734274711
786753874,_1811424547,63,0,0.037209302,0,0,12,0.00877193
786753874,_1815188453,46,0,0,0,0,2,0
786753874,_1818053958,64,0,0.05487805,0,0,5,0
786753874,_1818335730,47,0,0,0,0,0,0.979374604
786753874,_1822906426,6,0,0,0,0,0,0
786753874,_1826771584,6,0,0.005208334,0,0,0,0
786753874,_1838641057,1,0,0.008333334,0,0,0,0
786753874,_1840868417,51,0,0,0,0,0,2.145654835
786753874,_1850090662,17,0,0,0,0,0,0.145271716
786753874,_1850802422,50,8,0.004219409,0,0,0,0.862895574
786753874,_100000002809342,41,0,0.015037594,0,1,4,0.024390244
786753874,_100000011902794,55,0,0.012605042,0,0,1,0.01754386
786753874,_100000017140059,106,0,0.0275,0,0,10,0
786753874,_100000028793447,173,0,0,0,0,0,0.122807018
786753874,_100000032424938,32,0,0.010256411,0,0,0,0.033162174
786753874,_100000039757875,113,0,0,0,0,12,0
786753874,_100000041534263,23,0,0.02020202,0,0,0,0
786753874,_100000043487696,0,0,0.006134969,0,0,0,0
786753874,_100000056034696,89,0,0.051282052,0,0,3,0
786753874,_100000062057242,170,0,0.026737968,0,0,0,0
786753874,_100000064564385,33,0,0.014925373,0,0,0,0.024390244
786753874,_100000071751378,14,0,0,0,0,0,0.057552418
786753874,_100000074820828,21,0,0.003236246,0,0,0,0
786753874,_100000086929404,41,0,0.007462686,0,0,0,0.215765591
786753874,_100000089623396,244,0,0.04347826,0,0,9,0.11627907
786753874,_100000097472296,31,0,0.01724138,0,0,1,0.316859221
786753874,_100000098200500,25,1,0.012244898,0,0,1,0
786753874,_100000100580530,0,0,0.008474576,0,0,1,0
786753874,_100000100674587,63,0,0.009259259,0,0,4,0.01754386
786753874,_100000105905910,186,0,0.0546875,0,0,1,0
786753874,_100000121549723,70,0,0.009174312,0,0,4,0
786753874,_100000124552681,1,0,0,0,0,0,0.357609139
786753874,_100000137678481,141,0,0.052287582,0,0,25,0.00877193
786753874,_100000148148614,4,0,0.010687023,0,0,1,0.075096277
786753874,_100000149221863,23,0,0.011976048,0,0,0,0
786753874,_100000149543196,24,1,0.007246377,0,0,0,0
786753874,_100000150637369,5,0,0,0,0,1,0
786753874,_100000156293391,48,0,0,0,0,0,0
786753874,_100000158932040,27,1,0,0,0,1,0.444587077
786753874,_100000161501984,1,0,0.011538462,0,1,2,0.00877193
786753874,_100000161893006,186,0,0.053719006,0,0,14,0.041934104
786753874,_100000164616223,169,1,0.027272727,0,0,12,3.117299062
786753874,_100000171804432,21,0,0,0,0,0,0.227390181
786753874,_100000173013279,20,0,0.005555556,0,0,3,0
786753874,_100000189511139,53,23,0,0,0,0,2.469748463
786753874,_100000196926441,38,0,0.03846154,0,0,11,0.482660139
786753874,_100000197394450,48,3,0,0,0,1,0.793966624
786753874,_100000219945305,180,0,0,0,0,0,0
786753874,_100000224745617,131,0,0.045751635,0,0,7,0.11627907
786753874,_100000229150869,161,0,0.038297873,0,0,11,0
786753874,_100000237559209,14,0,0.033333335,0,0,2,0.355365157
786753874,_100000239566018,18,0,0.02341137,0,0,2,0
786753874,_100000251584102,20,0,0,0,0,0,0.01754386
786753874,_100000260775752,2,1,0,0,0,0,0.035087719
786753874,_100000267803062,174,0,0.051194537,0,0,12,0.00877193
786753874,_100000271016343,8,0,0.007532957,0,0,1,0.377192982
786753874,_100000301917944,232,0,0.04296875,0,0,3,0.11627907
786753874,_100000305606519,21,0,0.004694836,0,0,6,1.380596272
786753874,_100000314084702,5,0,0.004405286,0,0,0,0
786753874,_100000315744135,7,0,0,0,0,0,0.00877193
786753874,_100000322347925,30,0,0.020689655,0,0,4,2.603863364
786753874,_100000337630654,169,1,0.047191013,0,0,0,0.043859649
786753874,_100000356259360,1,0,0.010638298,0,0,0,0
786753874,_100000369639390,214,0,0.029850746,0,0,5,0
786753874,_100000370486707,27,0,0,0,0,2,0
786753874,_100000381402808,45,7,0,0,0,1,0.648050572
786753874,_100000389440814,109,0,0.036585364,0,0,12,0.00877193
786753874,_100000391063453,53,7,0,0,0,1,1.375374412
786753874,_100000397683949,24,0,0.003610108,0,0,0,0
786753874,_100000400150161,3,0,0.006535948,0,0,0,0.366381069
786753874,_100000416391291,1,0,0.006896552,0,0,0,0
786753874,_100000417196941,64,2,0,0,0,0,0.188275567
786753874,_100000426402811,132,0,0.006410257,0,0,4,0
786753874,_100000437298587,18,0,0,0,0,0,0
786753874,_100000439385694,46,0,0,0,0,0,0
786753874,_100000444991763,159,0,0.022891566,0,0,38,0.026315789
786753874,_100000468521086,3,1,0,0,0,0,0.125051
786753874,_100000477695596,186,0,0,0,0,30,0.579945799
786753874,_100000487642242,105,0,0.009345794,0,1,7,0.366381069
786753874,_100000490898796,40,0,0,0,0,5,0
786753874,_100000491092679,10,0,0,0,0,1,0.00877193
786753874,_100000493482359,35,1,0,0,0,0,0.125051
786753874,_100000495066000,51,1,0.011560693,0,0,0,0.721437741
786753874,_100000496047151,141,0,0.044303797,0,0,14,0
786753874,_100000496149549,12,0,0.009803922,0,0,1,0
786753874,_100000516288557,41,2,0,0,0,2,0
786753874,_100000520791636,91,0,0.027586207,0,0,6,0.11627907
786753874,_100000559292558,92,0,0,0,0,6,0
786753874,_100000569214071,5,0,0.007168459,0,0,0,0.178569181
786753874,_100000585503677,124,0,0.015267176,0,0,1,0.001406074
786753874,_100000596541083,4,0,0,0,1,0,0
786753874,_100000617780344,163,0,0.03133159,0,0,25,0.01754386
786753874,_100000621716315,35,0,0.00456621,0,0,1,0
786753874,_100000625927092,41,0,0.008,0,0,0,0.00877193
786753874,_100000631835402,40,0,0,0,0,1,0
786753874,_100000644014060,158,0,0.04032258,0,1,9,0.933836529
786753874,_100000648864253,4,0,0,0,0,0,0.083868207
786753874,_100000665909132,156,0,0.05263158,0,0,23,0.114035088
786753874,_100000678949053,1,0,0.005050505,0,0,0,0.033162174
786753874,_100000683066692,234,0,0.05691057,0,0,14,0.783944167
786753874,_100000685490427,27,0,0,0,0,0,0
786753874,_100000688161628,12,1,0,0,0,0,0.11627907
786753874,_100000703326397,27,0,0.002890173,0,0,0,0
786753874,_100000712080044,15,0,0.005780347,0,0,3,0
786753874,_100000721407865,1,0,0.005988024,0,0,1,0.555874373
786753874,_100000730104528,1,0,0.008064516,0,1,7,0.00877193
786753874,_100000737763528,41,0,0.013793103,0,1,2,0
786753874,_100000758186344,226,0,0.03846154,0,0,29,0.00877193
786753874,_100000771118552,114,0,0,0,0,1,0
786753874,_100000772782137,92,0,0.030303031,0,0,5,0.050706033
786753874,_100000797242840,90,0,0,0,0,4,0
786753874,_100000831739323,16,0,0,0,0,0,0
786753874,_100000847835169,105,0,0,0,0,7,0
786753874,_100000874745149,70,0,0.03305785,0,0,3,0
786753874,_100000880426903,48,0,0.011235955,0,0,0,0.00877193
786753874,_100000883237561,162,0,0.017699115,0,0,7,0
786753874,_100000888591914,2,0,0.006472492,0,0,0,0.017575928
786753874,_100000898056122,40,0,0.042735044,0,0,4,0.01754386
786753874,_100000902467140,2,0,0,0,1,5,0
786753874,_100000905107078,107,0,0.04895105,0,0,3,0.357609139
786753874,_100000920018147,121,0,0.033557046,0,0,11,0
786753874,_100000928160752,64,0,0.005988024,0,0,4,0
786753874,_100000939259740,50,0,0.007843138,0,1,4,0.00877193
786753874,_100000949810876,60,0,0.046357617,0,0,3,0.026315789
786753874,_100000952174736,229,0,0.067567565,0,0,51,0.840745274
786753874,_100000953723478,206,0,0.052980132,0,0,19,0
786753874,_100000967637031,97,0,0.033816423,0,0,13,0.250805036
786753874,_100001008036522,0,0,0,0,0,0,0.133822929
786753874,_100001048511484,230,0,0.030701755,0,0,31,0
786753874,_100001060790824,131,0,0,0,0,14,0
786753874,_100001074697154,205,0,0.06369427,0,0,14,0
786753874,_100001102698016,235,0,0.05,0,0,12,0.026315789
786753874,_100001132068611,125,0,0.01857585,0,0,19,0
786753874,_100001144756311,26,0,0.009259259,0,0,1,0
786753874,_100001168146742,174,0,0.026022306,0,0,11,0.00877193
786753874,_100001173043664,46,0,0.025806451,0,0,6,0.00877193
786753874,_100001175536541,65,0,0.055555556,0,0,7,0.078947368
786753874,_100001235457168,26,0,0,0,1,5,0
786753874,_100001243186774,63,0,0.05,0,0,2,0.660342717
786753874,_100001245463807,221,0,0.013640239,0,0,23,0.077021823
786753874,_100001252011729,6,0,0.014563107,0,0,2,0.11627907
786753874,_100001279123676,84,0,0.037209302,0,0,17,0.125051
786753874,_100001280095456,36,0,0,0,0,2,0.11627907
786753874,_100001284138207,1,0,0.003134796,0,0,1,0.085793753
786753874,_100001297755392,4,0,0.007633588,0,0,0,0
786753874,_100001347005035,64,0,0.06097561,0,0,8,0.043859649
786753874,_100001355204900,11,0,0.011494253,0,0,1,0.11627907
786753874,_100001373012940,141,0,0.036842104,0,0,22,0.375152999
786753874,_100001383204138,79,0,0.040650405,0,0,10,0
786753874,_100001404098728,19,0,0,0,0,0,0.287866575
786753874,_100001447037223,1,0,0.016627079,0,1,23,0.00877193
786753874,_100001460220858,69,0,0.024691358,0,0,12,0.026315789
786753874,_100001472776518,0,0,0,0,1,7,0
786753874,_100001475253247,53,0,0.018518519,0,0,0,0
786753874,_100001490933029,187,0,0.033613447,0,0,8,0.175757033
786753874,_100001499679081,185,0,0.02238806,0,0,16,0.11627907
786753874,_100001506432651,146,0,0.04733728,0,0,23,0
786753874,_100001531730648,8,0,0.00625,0,1,18,5.28175718
786753874,_100001558392789,254,1,0.007692308,0,0,63,6.644256656
786753874,_100001581543714,7,0,0.007672634,0,0,1,0.69250646
786753874,_100001776827554,99,0,0.031746034,0,0,null,0.133822929
786753874,_100001841124812,11,0,0.014285714,0,0,4,0
786753874,_100001864305419,186,0,0.03448276,0,0,56,0.075096277
786753874,_100001868474515,5,0,0.007407407,0,0,0,0.01754386
786753874,_100001915223511,187,0,0.07009346,0,0,25,0.01754386
786753874,_100001940282075,39,7,0,0,0,0,2.721895637
786753874,_100001949355929,2,0,0,0,0,0,0.00877193
786753874,_100001963923893,110,0,0.018779343,0,0,4,0.043859649
786753874,_100002008668487,192,1,0.01173709,0,0,33,0.243609552
786753874,_100002013515038,133,0,0.01058201,0,0,1,0
786753874,_100002019510190,81,0,0.028368793,0,0,4,0
786753874,_100002028411844,169,0,0.027777778,0,0,10,0
786753874,_100002039499674,165,0,0.015748031,0,0,16,0.11627907
786753874,_100002055336537,225,0,0,0,0,2,0
786753874,_100002059243879,220,0,0.026455026,0,0,25,0
786753874,_100002062172305,156,0,0,0,0,44,0.202824134
786753874,_100002068472399,3,0,0,0,0,0,0.058255455
786753874,_100002070440720,2,0,0,0,0,0,0.00877193
786753874,_100002093205242,13,0,0,0,0,3,0
786753874,_100002130200049,42,1,0.008333334,0,0,0,0
786753874,_100002202744888,74,0,0,0,0,6,0.026315789
786753874,_100002203771726,162,0,0.04054054,0,0,54,0.186454508
786753874,_100002224879288,94,0,0.011454754,0,0,17,0.00877193
786753874,_100002253364434,121,0,0.02097902,0,0,31,0.01754386
786753874,_100002255964865,27,0,0.005263158,0,0,0,0
786753874,_100002260787096,165,1,0.05882353,0,0,22,0.590167279
786753874,_100002269465148,86,0,0.048780486,0,0,2,0.00877193
786753874,_100002277139289,115,0,0.06097561,0,0,13,0.078947368
786753874,_100002315976865,103,0,0,0,0,0,0.125051
786753874,_100002317378406,77,0,0.033898305,0,0,4,0.024390244
786753874,_100002346973603,99,0,0.019607844,0,0,6,0
786753874,_100002369402980,141,0,0.084269665,0,0,35,0.138425332
786753874,_100002371241104,141,0,0.007142857,0,0,12,0
786753874,_100002402235969,40,0,0,0,0,2,0
786753874,_100002414641810,210,0,0.05345912,0,0,36,0.270322715
786753874,_100002453250911,19,0,0,0,0,1,0.23255814
786753874,_100002457593427,2,0,0,0,0,0,0.36093282
786753874,_100002498944100,57,0,0.017857144,0,0,3,0
786753874,_100002523432610,112,0,0.00877193,0,0,2,0
786753874,_100002526464483,160,0,0.014440433,0,0,0,0
786753874,_100002557890350,3,0,0,0,0,0,0.11627907
786753874,_100002622161766,7,0,0.005847953,0,0,4,0.01754386
786753874,_100002623489203,80,0,0.062068965,0,0,8,0
786753874,_100002681725629,186,0,0.036231883,0,0,11,0
786753874,_100002720035389,32,0,0.008928572,0,0,4,0
786753874,_100002744926579,63,0,0.016666668,0,0,4,0.00877193
786753874,_100002748196688,4,0,0,0,0,0,0.00877193
786753874,_100002750746268,143,0,0.06962025,0,0,11,0.061403509
786753874,_100002751589483,4,0,0.00462963,0,0,3,0.063360702
786753874,_100002758209992,273,0,0.03888889,0,0,20,0
786753874,_100002770863020,212,0,0.03773585,0,0,24,0
786753874,_100002777019646,51,0,0.031578947,0,0,4,0.01754386
786753874,_100002778837638,150,0,0.057471264,0,0,14,0.01754386
786753874,_100002801996483,186,0,0.039215688,0,0,20,0
786753874,_100002804666974,125,0,0.015748031,0,0,6,0
786753874,_100002823635699,21,0,0,0,0,0,0
786753874,_100002861715147,176,0,0.041353382,0,0,14,0.00877193
786753874,_100002862924125,21,0,0.019079685,0,0,9,0.00877193
786753874,_100002916342779,112,0,0.033557046,0,1,6,0.160138719
786753874,_100002969371653,167,0,0.04477612,0,0,19,0
786753874,_100002989567505,8,0,0.00257732,0,0,0,0.26312422
786753874,_100002996743374,122,0,0.042735044,0,0,6,0.469400245
786753874,_100003003227159,47,0,0.061068702,0,0,4,0.258873929
786753874,_100003028958056,36,0,0.04761905,0,0,5,0.078947368
786753874,_100003041180410,173,0,0.047904193,0,0,3,0.052631579
786753874,_100003082417481,235,0,0.025062656,0,0,13,0.00877193
786753874,_100003082459266,59,0,0.05882353,0,0,5,0
786753874,_100003091278843,53,0,0.02259887,0,0,5,0.11627907
786753874,_100003101702236,170,0,0.02,0,0,9,0
786753874,_100003114977167,99,0,0.023809524,0,0,12,0.00877193
786753874,_100003145764022,152,1,0.027638191,0,0,9,1.554038007
786753874,_100003153877135,82,0,0.027131783,0,0,8,0.55583087
786753874,_100003250125903,146,0,0.05479452,0,0,12,0
786753874,_100003275053626,19,0,0.005025126,0,0,2,0
786753874,_100003300924326,84,0,0.05154639,0,0,21,0.101412067
786753874,_100003322067134,61,0,0.017391304,0,0,0,0
786753874,_100003394291126,145,0,0,0,0,14,0.026315789
786753874,_100003446081324,122,0,0.056962024,0,0,8,0.241330069
786753874,_100003510702872,102,0,0.015384615,0,0,2,0.930232558
786753874,_100003588554961,50,0,0.022222223,0,0,7,0.133822929
786753874,_100003649871257,119,1,0.026785715,0,0,6,1.287841697
786753874,_100003688946836,10,0,0,0,0,1,0
786753874,_100003773064730,88,0,0.046875,0,0,4,1.37363545
786753874,_100003781304796,47,0,0.009345794,0,0,6,0.125051
786753874,_100003796050499,149,0,0.017114915,0,0,6,0.11627907
786753874,_100003865423917,120,0,0.056074765,0,0,10,0.035087719
786753874,_100003910758546,180,0,0.03468208,0,0,7,0
786753874,_100004013176603,109,0,0.0375,0,0,11,0
786753874,_100004279538205,33,0,0.008064516,0,1,2,0.033162174
786753874,_100004306957043,30,0,0.032608695,0,0,5,0.00877193
786753874,_100004321380846,155,0,0.02259887,0,0,5,0
786753874,_100004328702727,70,0,0.050561797,0,0,7,0.026315789
786753874,_100004378953957,94,0,0.04522613,0,0,7,0.00877193
786753874,_100004386930599,71,0,0.017857144,0,0,4,0.820481436
786753874,_100004392614484,1,0,0,0,0,0,0.033162174
786753874,_100004409406830,12,0,0.008264462,0,0,3,0.23255814
786753874,_100004436880439,61,0,0,0,0,2,0
786753874,_100004551300688,63,0,0.082706764,0,0,6,10.47896674
786753874,_100004602815998,71,0,0.009433962,0,0,2,0
786753874,_100004722458871,118,0,0.025751073,0,0,4,0.23255814
786753874,_100004787467832,212,0,0.05982906,0,0,15,0.573099415
786753874,_100005406819592,54,0,0.017391304,0,0,1,0
786753874,_100005449622639,28,0,0.008064516,0,0,0,0
786753874,_100005553810413,6,0,0.009090909,0,0,0,0.00877193
786753874,_100005931872382,25,0,0,0,0,0,0
786753874,_100005968271330,21,0,0,0,0,0,0
786753874,_100006303334903,65,0,0.009345794,0,0,6,0
786753874,_100006348455811,184,0,0.033333335,0,0,9,0.160138719
786753874,_100006395324234,50,0,0.009259259,0,0,1,0
786753874,_100006488881326,110,0,0,0,0,1,0.23255814
786753874,_100006526359305,107,0,0.009090909,0,0,5,0
786753874,_100006687489857,53,0,0.030150754,0,0,2,0
786753874,_100006759816466,3,0,0,0,0,0,0
786753874,_100007476754480,12,0,0.006993007,0,0,1,0.00877193
786753874,_100007829408400,93,0,0,0,0,2,0
786753874,_100008305634668,30,0,0.008928572,0,0,1,0
100001531730648_,1310833_,9,0,0,0,0,5,0
100001531730648_,10227608_,6,0,0,0,0,0,0
100001531730648_,500854804_,34,0,0,0,0,1,0
100001531730648_,523247926_,7,0,0,0,0,6,0
100001531730648_,528706460_,36,0,0.014150944,0,0,0,0
100001531730648_,532004792_,48,0,0,0,0,1,0
100001531730648_,533590123_,0,0,0.014285714,0,0,0,0
100001531730648_,538647453_,11,0,0.020408163,0,1,5,0.028748676
100001531730648_,541898469_,55,0,0,0,0,1,0
100001531730648_,544113393_,9,0,0.016806724,0,1,4,0
100001531730648_,544438339_,11,0,0.022727273,0,1,2,0.9375
100001531730648_,546142945_,31,0,0.02877698,0,0,0,0.3125
100001531730648_,552032156_,28,0,0.003663004,0,0,0,0
100001531730648_,580110239_,21,0,0.016759777,0,1,9,0
100001531730648_,580361740_,26,0,0.006535948,0,0,1,0
100001531730648_,589704308_,14,0,0,0,0,0,0.015130882
100001531730648_,591263294_,23,0,0,0,1,18,0
100001531730648_,600024158_,17,0,0.03448276,0,1,9,0.573023529
100001531730648_,601633941_,50,0,0,0,0,2,0
100001531730648_,602884464_,27,0,0.028089888,0,1,0,0.2
100001531730648_,614937398_,4,0,0.008196721,0,0,0,1.381544107
100001531730648_,615700435_,24,0,0,0,0,1,1.6
100001531730648_,616349872_,6,0,0.024752475,0,1,4,0
100001531730648_,617264180_,22,0,0.01863354,0,1,9,0.3722197
100001531730648_,622498358_,1,0,0,0,0,0,0
100001531730648_,623057473_,23,0,0,0,0,2,0
100001531730648_,625945058_,4,0,0.01734104,0,1,5,0
100001531730648_,630667473_,25,0,0.009652509,0,0,0,0.4
100001531730648_,635004592_,0,0,0.037383176,0,1,10,0
100001531730648_,639994774_,2,0,0.016129032,0,1,1,0
100001531730648_,645924075_,10,0,0,0,0,10,0.017400514
100001531730648_,646812654_,8,0,0.014285714,0,0,1,1.879539265
100001531730648_,649120909_,5,0,0.03125,0,0,0,0
100001531730648_,654335039_,23,0,0.004761905,0,0,1,0
100001531730648_,664905797_,28,0,0,0,0,0,0
100001531730648_,667384141_,2,0,0.01764706,0,1,0,0
100001531730648_,671757987_,2,0,0.013888889,0,0,1,0
100001531730648_,687988935_,7,0,0.010989011,0,1,2,0.083219852
100001531730648_,692703877_,35,0,0.030150754,0,1,2,0
100001531730648_,696418940_,10,0,0.015748031,0,1,7,0.32914397
100001531730648_,698072318_,14,0,0.005586592,0,0,0,0
100001531730648_,698697757_,30,0,0,0,0,1,0
100001531730648_,707958517_,40,0,0,0,0,2,0
100001531730648_,713119276_,11,0,0,0,0,8,0
100001531730648_,713669184_,20,0,0,0,0,2,0
100001531730648_,713804139_,8,0,0.025423728,0,1,13,0
100001531730648_,719996392_,12,0,0,0,0,6,1.186261159
100001531730648_,721268890_,8,0,0.00625,0,1,8,0.3125
100001531730648_,721957162_,0,0,0,0,0,0,0
100001531730648_,730278174_,7,0,0,0,1,10,0.410046906
100001531730648_,731407814_,41,0,0.017391304,0,0,1,0
100001531730648_,733757070_,24,0,0.009345794,0,0,2,0
100001531730648_,740188517_,31,0,0,0,0,1,0
100001531730648_,742289669_,13,0,0,0,0,0,0
100001531730648_,744091697_,8,0,0.005050505,0,0,2,0
100001531730648_,746779459_,8,0,0.020833334,0,1,5,0.393402935
100001531730648_,753997975_,7,0,0.023148147,0,1,12,0
100001531730648_,769821158_,13,0,0.011320755,0,1,15,0
100001531730648_,771345628_,5,0,0.011160715,0,0,1,0.494117647
100001531730648_,780333278_,40,0,0.020408163,0,0,2,0
100001531730648_,786753874_,8,0,0.00621118,0,1,18,6.6
100001531730648_,789852574_,8,0,0.024691358,0,0,1,0.3125
100001531730648_,811028628_,6,0,0.027149322,0,1,7,0
100001531730648_,816592248_,9,0,0,0,1,8,0
100001531730648_,819754580_,11,0,0.01968504,0,1,10,0
100001531730648_,828627402_,29,0,0,0,1,2,0.3125
100001531730648_,838292678_,6,0,0.004672897,0,0,0,0
100001531730648_,845869310_,49,0,0.004854369,0,0,1,0
100001531730648_,846739576_,6,2,0,0,0,0,0.022696323
100001531730648_,1005077109_,14,0,0,0,0,0,0
100001531730648_,1007423953_,34,0,0.016260162,0,0,0,0
100001531730648_,1007603097_,43,0,0.018348623,1,0,0,0
100001531730648_,1013161271_,30,0,0,0,1,3,0
100001531730648_,1014214289_,28,0,0.008333334,0,0,0,0
100001531730648_,1019563766_,6,0,0.00729927,0,0,1,1
100001531730648_,1020101388_,26,0,0.014492754,0,0,0,0
100001531730648_,1020838887_,2,0,0.024,0,0,0,0
100001531730648_,1020866858_,42,0,0.012820513,0,0,0,0
100001531730648_,1027759731_,26,0,0,0,0,0,0
100001531730648_,1031696099_,34,0,0.021582734,0,0,0,0
100001531730648_,1032281707_,23,0,0,0,0,10,1.613829626
100001531730648_,1037150002_,8,2,0.021276595,0,0,0,2.712813966
100001531730648_,1037401204_,37,0,0.0125,0,0,2,2.00772654
100001531730648_,1041442064_,38,0,0.015267176,0,0,1,0
100001531730648_,1047452295_,49,4,0.041322313,0,1,1,3.492646503
100001531730648_,1047826013_,9,0,0,0,0,1,0
100001531730648_,1050220143_,35,0,0.01754386,0,0,1,0
100001531730648_,1058305293_,1,0,0,0,0,0,0
100001531730648_,1060346822_,37,0,0,0,0,1,0
100001531730648_,1061133214_,25,0,0.007407407,0,0,0,0
100001531730648_,1063710907_,2,0,0.012820513,0,1,2,0
100001531730648_,1065982846_,1,0,0.012779553,0,1,2,0.2
100001531730648_,1065998877_,48,0,0.011363637,0,1,3,0.3125
100001531730648_,1069814399_,23,0,0.014925373,0,0,2,0
100001531730648_,1070725197_,17,0,0,0,0,1,0
100001531730648_,1075563322_,62,0,0.005208334,0,0,1,0
100001531730648_,1075880738_,25,0,0.008333334,0,0,0,0.3125
100001531730648_,1078971573_,18,0,0.010638298,0,0,1,0
100001531730648_,1079927643_,12,5,0.08461539,1,0,0,5.628160797
100001531730648_,1083554242_,17,0,0.016393442,0,1,8,0.705099107
100001531730648_,1089918417_,7,0,0.00621118,0,0,7,0
100001531730648_,1091922346_,8,0,0,0,0,0,0.3125
100001531730648_,1091941150_,5,1,0.006711409,0,1,1,0
100001531730648_,1106651061_,25,1,0,1,0,1,0
100001531730648_,1110364589_,37,0,0.017699115,0,0,0,0
100001531730648_,1116103722_,6,0,0.03883495,0,1,11,1.647847632
100001531730648_,1117411852_,5,0,0.015037594,0,0,1,0
100001531730648_,1122693319_,3,0,0.011494253,0,1,1,0
100001531730648_,1126047181_,4,0,0.022222223,0,1,0,0
100001531730648_,1132909068_,16,0,0,0,0,1,0.2
100001531730648_,1134530671_,9,0,0,0,0,3,0
100001531730648_,1141694067_,25,0,0.009615385,0,0,1,0
100001531730648_,1157373111_,3,0,0,0,0,0,6.511232789
100001531730648_,1165764025_,26,0,0.008888889,0,0,2,0
100001531730648_,1172285422_,20,0,0.016853932,0,0,0,0.3125
100001531730648_,1184932979_,38,0,0.021696253,0,1,7,1.594889545
100001531730648_,1190684994_,19,0,0,0,0,0,0.2
100001531730648_,1204312364_,7,0,0.013333334,0,0,1,0.5
100001531730648_,1205100958_,33,0,0,0,0,0,0
100001531730648_,1214472467_,37,0,0,0,0,0,0
100001531730648_,1217006093_,0,0,0.004255319,0,0,0,0
100001531730648_,1218594503_,8,0,0.012244898,0,1,6,0
100001531730648_,1227536147_,4,0,0.016574586,0,0,0,0.009835073
100001531730648_,1240572370_,6,0,0.011235955,0,0,0,0
100001531730648_,1241787607_,13,0,0,0,0,1,5
100001531730648_,1243339425_,18,0,0.021428572,0,0,14,0
100001531730648_,1244170778_,17,0,0.047244094,0,1,9,0
100001531730648_,1261977689_,43,0,0.009708738,0,0,1,0
100001531730648_,1274079370_,24,0,0.020833334,0,0,0,0
100001531730648_,1279512366_,43,0,0.005050505,0,0,0,0.3125
100001531730648_,1283384233_,38,0,0.016233766,0,1,3,0
100001531730648_,1285112751_,25,0,0,0,0,1,0
100001531730648_,1287955015_,52,0,0.009615385,0,0,1,0.625
100001531730648_,1288501756_,26,0,0.006666667,0,0,1,0
100001531730648_,1290795020_,20,0,0,0,1,0,3.858999092
100001531730648_,1291838411_,25,0,0.005952381,0,0,0,0
100001531730648_,1306436630_,34,0,0.00729927,0,0,2,0
100001531730648_,1310854819_,48,0,0,0,0,1,0.3125
100001531730648_,1311364793_,4,0,0.01724138,0,0,0,0
100001531730648_,1313814932_,39,0,0.018691588,0,0,1,0.3125
100001531730648_,1317467691_,59,0,0,0,1,5,0.3125
100001531730648_,1319250531_,1,0,0.030864198,0,0,1,0
100001531730648_,1320100952_,20,0,0.003472222,0,0,0,0.609078529
100001531730648_,1325717375_,19,0,0.015873017,0,0,0,0
100001531730648_,1331442506_,16,0,0,0,0,13,0.134664851
100001531730648_,1342805403_,15,0,0,0,0,0,0.391937131
100001531730648_,1343880441_,28,0,0,0,0,0,0.3125
100001531730648_,1344063759_,9,0,0.011695907,0,1,12,0
100001531730648_,1346702218_,51,0,0,0,0,0,0
100001531730648_,1355439198_,3,0,0,0,0,3,0
100001531730648_,1355634281_,81,10,0.008032128,0,0,2,3.5625
100001531730648_,1356366388_,35,0,0.016666668,0,0,0,0.3125
100001531730648_,1356823531_,33,0,0,0,0,2,0
100001531730648_,1368145505_,4,0,0.019607844,0,1,2,0
100001531730648_,1370847063_,37,17,0,0,1,0,1.9375
100001531730648_,1371540667_,4,0,0.009090909,0,1,8,0
100001531730648_,1383284369_,24,0,0.009950249,0,0,0,5
100001531730648_,1390218496_,42,0,0,0,0,0,0
100001531730648_,1397410949_,29,0,0,0,0,0,0
100001531730648_,1407102437_,38,0,0.008196721,0,0,1,0
100001531730648_,1417010213_,1,0,0,0,0,0,0.625
100001531730648_,1427961583_,0,0,0.00204918,0,0,0,0
100001531730648_,1439710589_,9,0,0.009345794,0,0,1,0
100001531730648_,1440276183_,50,0,0,0,0,1,0.3125
100001531730648_,1448384231_,13,0,0.011764706,0,0,0,0
100001531730648_,1458034210_,33,0,0.01010101,0,0,0,0
100001531730648_,1465307965_,55,0,0.015544041,0,0,1,0
100001531730648_,1481956786_,2,0,0.017142856,0,0,1,1
100001531730648_,1499908219_,25,0,0.018115941,0,0,0,0
100001531730648_,1504276313_,16,0,0.025641026,0,0,8,0.131638675
100001531730648_,1511453957_,56,0,0,0,0,0,0
100001531730648_,1514649889_,22,0,0.004,0,0,1,0.3125
100001531730648_,1531020651_,19,0,0.014705882,0,0,3,0.625
100001531730648_,1535130454_,39,0,0.006289308,1,0,0,0.3125
100001531730648_,1535228840_,55,0,0,0,0,1,0
100001531730648_,1537502995_,15,0,0,0,0,0,0
100001531730648_,1541352679_,20,0,0.019292604,0,0,7,5.413829626
100001531730648_,1544000983_,31,0,0,0,0,0,0.296081102
100001531730648_,1556354841_,39,0,0.018072288,0,0,0,0
100001531730648_,1563753531_,26,0,0.006756757,0,0,0,0
100001531730648_,1584190905_,23,7,0,0,0,1,0.8125
100001531730648_,1590000140_,18,0,0,0,1,1,0
100001531730648_,1597982154_,25,0,0,0,1,1,0
100001531730648_,1611673845_,12,0,0.02811245,0,0,2,5.457756468
100001531730648_,1618354155_,63,13,0.008474576,0,0,1,9.727225352
100001531730648_,1639025468_,5,0,0.013157895,0,0,0,0.2
100001531730648_,1643164772_,36,0,0.006329114,0,0,0,0.374536617
100001531730648_,1648946768_,28,0,0.009345794,0,0,0,0
100001531730648_,1649661666_,32,0,0.018518519,0,0,0,0
100001531730648_,1653354451_,34,0,0.012820513,0,0,2,0
100001531730648_,1741838201_,6,0,0,0,0,0,0
100001531730648_,1746258804_,34,0,0.020618556,0,0,1,0
100001531730648_,1794816334_,21,0,0,0,0,0,0
100001531730648_,1798243559_,44,0,0,0,0,1,0
100001531730648_,1824735126_,17,0,0.004830918,0,0,1,0
100001531730648_,1825483925_,3,0,0,0,0,0,0.3125
100001531730648_,1825522861_,46,0,0.009433962,0,0,0,0.3125
100001531730648_,1837133174_,48,9,0.008,0,0,0,1.201410955
100001531730648_,100000035163095_,29,0,0,0,0,1,0
100001531730648_,100000038757830_,36,0,0.023529412,0,0,1,0
100001531730648_,100000046572337_,10,0,0.015151516,0,1,19,0
100001531730648_,100000070054978_,47,0,0,0,0,0,0
100001531730648_,100000074561629_,47,0,0,0,0,1,0
100001531730648_,100000093301114_,25,0,0.012987013,0,0,0,0
100001531730648_,100000105832498_,4,0,0.00877193,0,0,0,0.185353306
100001531730648_,100000129091420_,52,0,0.012345679,0,0,0,0
100001531730648_,100000211419811_,7,0,0.009009009,0,0,0,0
100001531730648_,100000289023673_,45,0,0,0,0,1,0
100001531730648_,100000294205095_,44,0,0,0,0,1,0.2
100001531730648_,100000303667390_,14,0,0,0,0,0,0
100001531730648_,100000304733469_,45,0,0.014705882,0,0,1,0
100001531730648_,100000393513722_,4,0,0.006666667,0,0,0,0
100001531730648_,100000412330487_,3,0,0,0,0,0,0.4
100001531730648_,100000453745199_,29,0,0,0,0,0,0
100001531730648_,100000494672500_,33,0,0.006802721,0,0,1,0.3125
100001531730648_,100000625521912_,5,0,0.01764706,0,0,1,0
100001531730648_,100000651133738_,41,0,0.014285714,0,0,0,0.3125
100001531730648_,100000708111490_,65,0,0,0,0,0,0
100001531730648_,100000722180356_,22,0,0.015873017,0,0,0,0
100001531730648_,100000726417116_,25,0,0.03797468,0,0,0,0
100001531730648_,100000730104528_,2,0,0,0,1,4,0
100001531730648_,100000793245352_,26,0,0,0,0,0,0
100001531730648_,100000835524911_,60,0,0,0,0,1,0
100001531730648_,100000856255302_,0,0,0,0,0,0,0
100001531730648_,100000865549295_,0,0,0,0,0,0,0
100001531730648_,100000973282893_,14,0,0.015151516,0,1,11,0
100001531730648_,100001007917175_,12,0,0.007102273,0,0,1,0
100001531730648_,100001074265849_,5,0,0.02020202,0,0,0,0.3125
100001531730648_,100001099996431_,6,0,0,0,0,0,0
100001531730648_,100001132448649_,18,0,0.004545454,0,0,0,0
100001531730648_,100001138030999_,1,0,0,0,0,0,0.028748676
100001531730648_,100001196080118_,12,0,0,0,0,0,0
100001531730648_,100001210789888_,9,0,0,0,0,0,0
100001531730648_,100001323388248_,6,0,0,0,0,0,0
100001531730648_,100001363532860_,35,0,0,0,0,0,0
100001531730648_,100001585998002_,55,0,0,0,0,1,0.5125
100001531730648_,100001653840326_,31,0,0,0,0,0,0
100001531730648_,100001660692768_,4,0,0,0,0,0,0
100001531730648_,100001769181440_,0,0,0,0,0,0,0.2
100001531730648_,100001884077213_,1,0,0,0,0,0,0
100001531730648_,100002043837483_,9,0,0.042857144,0,1,11,4.200132395
100001531730648_,100002455212507_,25,0,0.02020202,0,0,0,0.3125
100001531730648_,100002558178419_,7,10,0.005434783,0,0,0,6.625
100001531730648_,100002635002895_,35,0,0.015384615,0,0,3,0.3125
100001531730648_,100002690496925_,0,0,0,0,0,0,0
100001531730648_,100002693771684_,41,0,0,0,0,1,0
100001531730648_,100002713511673_,7,0,0.007246377,0,1,3,0.000756544
100001531730648_,100002773517497_,6,0,0,0,0,0,0.384184779
100001531730648_,100002776928428_,48,0,0,0,0,1,0
100001531730648_,100002916721819_,4,0,0,0,0,0,0
100001531730648_,100002922995591_,0,0,0,0,0,0,0
100001531730648_,100002926173594_,8,1,0,0,0,2,1.650022696
100001531730648_,100003212543662_,30,0,0.014134276,0,0,0,1.2
100001531730648_,100003767815015_,6,0,0.009803922,0,0,1,0
100001531730648_,100004894274012_,25,0,0.029850746,0,1,12,0
100001531730648_,100005752055875_,30,0,0,0,0,0,0
100001531730648_,100005758594826_,0,0,0,0,0,0,0.443334846
100001531730648_,100006731942062_,4,0,0.007692308,0,0,0,0.017400514
